case,config,status,V1,rounds,peak,L1,build_seconds
deutsch_n2,full,OK,12,10,5,20,0.12
deutsch_n2,no_reduce,OK,12,10,5,20,0.15
deutsch_n2,no_place,OK,12,10,5,20,0.14
deutsch_n2,no_fui,OK,12,10,5,20,0.14
deutsch_n2,no_schedpar,OK,12,10,5,20,0.32
deutsch_n2,no_live,OK,12,10,5,20,0.14
deutsch_n2,no_sched,OK,12,10,5,20,0.13
deutsch_n2,no_parallel,OK,12,10,5,20,0.13
grover_n2,full,OK,1.33333,2,2,4,0.03
grover_n2,no_reduce,OK,1.33333,2,2,4,0.02
grover_n2,no_place,OK,1.33333,2,2,4,0.02
grover_n2,no_fui,OK,1.33333,2,2,4,0.02
grover_n2,no_schedpar,OK,1.33333,2,2,4,0.02
grover_n2,no_live,OK,1.33333,2,2,4,0.02
grover_n2,no_sched,OK,1.33333,2,2,4,0.02
grover_n2,no_parallel,OK,1.33333,2,2,4,0.02
iswap_n2,full,OK,1.33333,2,2,4,0.02
iswap_n2,no_reduce,OK,1.33333,2,2,4,0.02
iswap_n2,no_place,OK,1.33333,2,2,4,0.02
iswap_n2,no_fui,OK,1.33333,2,2,4,0.02
iswap_n2,no_schedpar,OK,1.33333,2,2,4,0.03
iswap_n2,no_live,OK,1.33333,2,2,4,0.02
iswap_n2,no_sched,OK,1.33333,2,2,4,0.02
iswap_n2,no_parallel,OK,1.33333,2,2,4,0.02
cat_state_n4,full,OK,2.66667,2,4,8,0.33
cat_state_n4,no_reduce,OK,25.6667,16,7,49,0.54
cat_state_n4,no_place,OK,2.66667,2,4,8,0.03
cat_state_n4,no_fui,OK,2.66667,2,4,8,0.23
cat_state_n4,no_schedpar,OK,2.66667,2,4,8,0.35
cat_state_n4,no_live,OK,2.66667,2,4,8,0.23
cat_state_n4,no_sched,OK,2.66667,2,4,8,0.22
cat_state_n4,no_parallel,OK,2.66667,2,4,8,0.23
hs4_n4,full,OK,2.66667,2,4,8,0.31
hs4_n4,no_reduce,OK,2.66667,2,4,8,0.31
hs4_n4,no_place,OK,2.66667,2,4,8,0.03
hs4_n4,no_fui,OK,2.66667,2,4,8,0.23
hs4_n4,no_schedpar,OK,2.66667,2,4,8,0.39
hs4_n4,no_live,OK,2.66667,2,4,8,0.23
hs4_n4,no_sched,OK,2.66667,2,4,8,0.23
hs4_n4,no_parallel,OK,2.66667,2,4,8,0.22
qrng_n4,full,OK,2.66667,2,4,8,0.49
qrng_n4,no_reduce,OK,2.66667,2,4,8,0.26
qrng_n4,no_place,OK,2.66667,2,4,8,0.03
qrng_n4,no_fui,OK,2.66667,2,4,8,0.23
qrng_n4,no_schedpar,OK,2.66667,2,4,8,0.35
qrng_n4,no_live,OK,2.66667,2,4,8,0.22
qrng_n4,no_sched,OK,2.66667,2,4,8,0.22
qrng_n4,no_parallel,OK,2.66667,2,4,8,0.22
twistedghz_4,full,OK,35.6667,18,8,83,1.24
twistedghz_4,no_reduce,OK,44.6667,25,10,74,0.86
twistedghz_4,no_place,OK,38.3333,18,10,83,0.82
twistedghz_4,no_fui,OK,38,17,9,90,1.23
twistedghz_4,no_schedpar,OK,35.6667,18,8,83,1.19
twistedghz_4,no_live,OK,36,17,9,84,0.93
twistedghz_4,no_sched,OK,35.6667,18,8,83,0.99
twistedghz_4,no_parallel,OK,35.6667,18,8,83,0.89
lpn_n5,full,OK,3.33333,2,5,10,0.3
lpn_n5,no_reduce,OK,18.6667,12,5,48,0.4
lpn_n5,no_place,OK,3.33333,2,5,10,0.04
lpn_n5,no_fui,OK,3.33333,2,5,10,0.23
lpn_n5,no_schedpar,OK,3.33333,2,5,10,0.28
lpn_n5,no_live,OK,3.33333,2,5,10,0.22
lpn_n5,no_sched,OK,3.33333,2,5,10,0.25
lpn_n5,no_parallel,OK,3.33333,2,5,10,0.23
steane_encode,full,OK,54,21,10,122,0.91
steane_encode,no_reduce,OK,79.6667,29,14,123,1.45
steane_encode,no_place,OK,62,21,12,111,0.57
steane_encode,no_fui,OK,55,20,10,125,0.6
steane_encode,no_schedpar,OK,55.6667,21,9,127,0.84
steane_encode,no_live,OK,54.3333,19,10,123,0.61
steane_encode,no_sched,OK,55.6667,21,9,127,0.57
steane_encode,no_parallel,OK,54,21,10,122,0.53
bv_8,full,OK,73.6667,27,14,165,1.19
bv_8,no_reduce,OK,73.6667,27,14,165,0.98
bv_8,no_place,OK,88.3333,27,17,165,1.01
bv_8,no_fui,OK,76.6667,25,14,174,0.9
bv_8,no_schedpar,OK,74,25,13,170,1.15
bv_8,no_live,OK,74.3333,24,14,167,0.89
bv_8,no_sched,OK,74,25,13,170,0.8
bv_8,no_parallel,OK,73.6667,27,14,165,0.81
dj_8,full,OK,93.3333,43,17,176,2.26
dj_8,no_reduce,OK,93.3333,43,17,176,1.94
dj_8,no_place,OK,108,43,18,176,1.83
dj_8,no_fui,OK,110.333,40,17,227,2.01
dj_8,no_schedpar,OK,106.333,40,17,215,2.04
dj_8,no_live,OK,108.333,37,17,221,1.98
dj_8,no_sched,OK,106.333,40,17,215,1.91
dj_8,no_parallel,OK,93.3333,43,17,176,1.85
ghz_8,full,OK,5.33333,2,8,16,0.53
ghz_8,no_reduce,OK,111.667,36,17,183,2.27
ghz_8,no_place,OK,5.33333,2,8,16,0.06
ghz_8,no_fui,OK,5.33333,2,8,16,0.25
ghz_8,no_schedpar,OK,5.33333,2,8,16,0.38
ghz_8,no_live,OK,5.33333,2,8,16,0.26
ghz_8,no_sched,OK,5.33333,2,8,16,0.24
ghz_8,no_parallel,OK,5.33333,2,8,16,0.25
graphstate_8,full,OK,5.33333,2,8,16,0.42
graphstate_8,no_reduce,OK,5.33333,2,8,16,0.29
graphstate_8,no_place,OK,5.33333,2,8,16,0.06
graphstate_8,no_fui,OK,5.33333,2,8,16,0.24
graphstate_8,no_schedpar,OK,5.33333,2,8,16,0.43
graphstate_8,no_live,OK,5.33333,2,8,16,0.25
graphstate_8,no_sched,OK,5.33333,2,8,16,0.25
graphstate_8,no_parallel,OK,5.33333,2,8,16,0.24
twistedghz_8,full,OK,103.667,34,12,263,5.88
twistedghz_8,no_reduce,BentLayoutError,,,,,71.38
twistedghz_8,no_place,OK,111.667,34,15,253,6.38
twistedghz_8,no_fui,OK,114.667,31,13,296,7.58
twistedghz_8,no_schedpar,OK,103.667,34,12,263,5.06
twistedghz_8,no_live,OK,108.667,31,15,278,6.37
twistedghz_8,no_sched,OK,103.667,34,12,263,5.01
twistedghz_8,no_parallel,OK,103.667,34,12,263,4.94
teleport_4,full,OK,113.667,48,12,169,1.93
teleport_4,no_reduce,OK,113.667,48,12,169,1.64
teleport_4,no_place,OK,115,48,12,169,1.26
teleport_4,no_fui,OK,149.667,45,16,277,1.78
teleport_4,no_schedpar,OK,113.667,48,12,169,1.98
teleport_4,no_live,OK,124.333,29,20,201,2.26
teleport_4,no_sched,OK,113.667,48,12,169,1.61
teleport_4,no_parallel,OK,113.667,48,12,169,1.52
bbpssw_4,full,OK,6.66667,2,10,20,0.45
bbpssw_4,no_reduce,OK,114.667,51,14,168,2.0
bbpssw_4,no_place,OK,6.66667,2,10,20,0.08
bbpssw_4,no_fui,OK,6.66667,2,10,20,0.28
bbpssw_4,no_schedpar,OK,6.66667,2,10,20,0.42
bbpssw_4,no_live,OK,6.66667,2,10,20,0.27
bbpssw_4,no_sched,OK,6.66667,2,10,20,0.25
bbpssw_4,no_parallel,OK,6.66667,2,10,20,0.26
bv_n14,full,OK,232.333,76,31,423,5.07
bv_n14,no_reduce,OK,232.333,76,31,423,4.47
bv_n14,no_place,OK,271,76,36,449,5.54
bv_n14,no_fui,OK,299.333,70,31,600,5.06
bv_n14,no_schedpar,OK,283.333,70,34,590,5.04
bv_n14,no_live,OK,286.333,64,31,611,5.79
bv_n14,no_sched,OK,283.333,70,34,590,4.91
bv_n14,no_parallel,OK,232.333,76,31,423,4.11
bv_16,full,OK,227.333,49,27,531,5.59
bv_16,no_reduce,OK,227.333,49,27,531,5.02
bv_16,no_place,OK,279.333,49,34,510,6.92
bv_16,no_fui,OK,242.667,45,27,581,5.16
bv_16,no_schedpar,OK,234.667,45,27,580,4.44
bv_16,no_live,OK,228.667,42,27,562,5.18
bv_16,no_sched,OK,234.667,45,27,580,4.47
bv_16,no_parallel,OK,227.333,49,27,531,4.46
dj_16,full,OK,292.667,87,37,467,6.98
dj_16,no_reduce,OK,292.667,87,37,467,6.45
dj_16,no_place,OK,347.333,87,42,445,8.13
dj_16,no_fui,OK,383.667,80,37,752,7.1
dj_16,no_schedpar,OK,350.333,80,33,749,6.0
dj_16,no_live,OK,365,73,37,749,7.95
dj_16,no_sched,OK,350.333,80,33,749,6.35
dj_16,no_parallel,OK,292.667,87,37,467,5.94
ghz_16,full,OK,10.6667,2,16,32,0.62
ghz_16,no_reduce,OK,532.333,93,41,776,23.07
ghz_16,no_place,OK,10.6667,2,16,32,0.16
ghz_16,no_fui,OK,10.6667,2,16,32,0.37
ghz_16,no_schedpar,OK,10.6667,2,16,32,0.56
ghz_16,no_live,OK,10.6667,2,16,32,0.36
ghz_16,no_sched,OK,10.6667,2,16,32,0.35
ghz_16,no_parallel,OK,10.6667,2,16,32,0.33
ghz_16_mixed,full,OK,173.667,40,16,441,2.01
ghz_16_mixed,no_reduce,OK,398.333,74,35,675,14.24
ghz_16_mixed,no_place,OK,200.333,40,22,441,2.42
ghz_16_mixed,no_fui,OK,184,37,19,472,1.67
ghz_16_mixed,no_schedpar,OK,190,48,15,494,1.9
ghz_16_mixed,no_live,OK,104.667,16,27,234,1.64
ghz_16_mixed,no_sched,OK,178,44,15,458,1.64
ghz_16_mixed,no_parallel,OK,174.667,49,14,444,1.5
graphstate_16,full,OK,10.6667,2,16,32,0.6
graphstate_16,no_reduce,OK,10.6667,2,16,32,0.38
graphstate_16,no_place,OK,10.6667,2,16,32,0.15
graphstate_16,no_fui,OK,10.6667,2,16,32,0.34
graphstate_16,no_schedpar,OK,10.6667,2,16,32,0.6
graphstate_16,no_live,OK,10.6667,2,16,32,0.35
graphstate_16,no_sched,OK,10.6667,2,16,32,0.36
graphstate_16,no_parallel,OK,10.6667,2,16,32,0.34
teleport_8,full,OK,220.333,92,12,341,5.15
teleport_8,no_reduce,OK,220.333,92,12,341,4.69
teleport_8,no_place,OK,269.667,92,13,341,5.79
teleport_8,no_fui,OK,397.667,85,25,873,5.47
teleport_8,no_schedpar,OK,220.333,92,12,341,4.43
teleport_8,no_live,OK,291,49,28,553,7.61
teleport_8,no_sched,OK,220.333,92,12,341,4.4
teleport_8,no_parallel,OK,220.333,92,12,341,4.36
bbpssw_8,full,OK,12,2,18,36,0.59
bbpssw_8,no_reduce,OK,271.333,116,15,386,5.56
bbpssw_8,no_place,OK,12,2,18,36,0.2
bbpssw_8,no_fui,OK,12,2,18,36,0.39
bbpssw_8,no_schedpar,OK,12,2,18,36,0.65
bbpssw_8,no_live,OK,12,2,18,36,0.39
bbpssw_8,no_sched,OK,12,2,18,36,0.38
bbpssw_8,no_parallel,OK,12,2,18,36,0.36
bv_n19,full,OK,384.667,104,45,739,10.3
bv_n19,no_reduce,OK,384.667,104,45,739,9.8
bv_n19,no_place,OK,444.667,104,52,629,15.35
bv_n19,no_fui,OK,522.667,95,45,1142,11.58
bv_n19,no_schedpar,OK,473.333,95,46,973,12.03
bv_n19,no_live,OK,484,87,45,977,12.25
bv_n19,no_sched,OK,473.333,95,46,973,12.86
bv_n19,no_parallel,OK,384.667,104,45,739,8.73
cat_state_n22,full,OK,14.6667,2,22,44,0.64
cat_state_n22,no_reduce,BentLayoutError,,,,,24.77
cat_state_n22,no_place,OK,14.6667,2,22,44,0.31
cat_state_n22,no_fui,OK,14.6667,2,22,44,0.5
cat_state_n22,no_schedpar,OK,14.6667,2,22,44,0.66
cat_state_n22,no_live,OK,14.6667,2,22,44,0.49
cat_state_n22,no_sched,OK,14.6667,2,22,44,0.49
cat_state_n22,no_parallel,OK,14.6667,2,22,44,0.48
ghz_state_n23,full,OK,15.3333,2,23,46,0.84
ghz_state_n23,no_reduce,OK,1120.33,145,60,1636,90.35
ghz_state_n23,no_place,OK,15.3333,2,23,46,0.34
ghz_state_n23,no_fui,OK,15.3333,2,23,46,0.53
ghz_state_n23,no_schedpar,OK,15.3333,2,23,46,0.85
ghz_state_n23,no_live,OK,15.3333,2,23,46,0.53
ghz_state_n23,no_sched,OK,15.3333,2,23,46,0.49
ghz_state_n23,no_parallel,OK,15.3333,2,23,46,0.49
bv_n30,full,OK,767.333,104,57,1874,17.48
bv_n30,no_reduce,OK,767.333,104,57,1874,17.18
bv_n30,no_place,OK,879.333,104,69,1687,28.14
bv_n30,no_fui,OK,872.333,95,57,2142,20.81
bv_n30,no_schedpar,OK,829.667,95,61,2039,17.71
bv_n30,no_live,OK,804.333,87,57,2025,21.19
bv_n30,no_sched,OK,829.667,95,61,2039,19.42
bv_n30,no_parallel,OK,767.333,104,57,1874,16.52
bv_32,full,OK,785.333,93,54,1977,14.04
bv_32,no_reduce,OK,785.333,93,54,1977,13.02
bv_32,no_place,OK,896,93,69,2028,29.36
bv_32,no_fui,OK,853.333,85,54,2189,15.0
bv_32,no_schedpar,OK,816,85,54,2104,15.31
bv_32,no_live,OK,788,78,54,2036,16.78
bv_32,no_sched,OK,816,85,54,2104,16.24
bv_32,no_parallel,OK,785.333,93,54,1977,12.33
dj_32,full,OK,927.333,175,78,1785,46.91
dj_32,no_reduce,OK,927.333,175,78,1785,46.78
dj_32,no_place,OK,1088.67,175,83,1970,57.84
dj_32,no_fui,OK,1345,160,78,2810,60.76
dj_32,no_schedpar,OK,1203.67,160,79,2578,54.07
dj_32,no_live,OK,1242.33,145,78,2829,67.08
dj_32,no_sched,OK,1203.67,160,79,2578,57.33
dj_32,no_parallel,OK,927.333,175,78,1785,43.38
ghz_32,full,OK,21.3333,2,32,64,0.99
ghz_32,no_reduce,BentLayoutError,,,,,208.9
ghz_32,no_place,OK,21.3333,2,32,64,0.72
ghz_32,no_fui,OK,21.3333,2,32,64,0.86
ghz_32,no_schedpar,OK,21.3333,2,32,64,1.06
ghz_32,no_live,OK,21.3333,2,32,64,0.93
ghz_32,no_sched,OK,21.3333,2,32,64,0.85
ghz_32,no_parallel,OK,21.3333,2,32,64,0.81
graphstate_32,full,OK,21.3333,2,32,64,0.98
graphstate_32,no_reduce,OK,21.3333,2,32,64,0.91
graphstate_32,no_place,OK,21.3333,2,32,64,0.68
graphstate_32,no_fui,OK,21.3333,2,32,64,0.91
graphstate_32,no_schedpar,OK,21.3333,2,32,64,0.98
graphstate_32,no_live,OK,21.3333,2,32,64,0.87
graphstate_32,no_sched,OK,21.3333,2,32,64,0.84
graphstate_32,no_parallel,OK,21.3333,2,32,64,0.79
cat_n35,full,OK,23.3333,2,35,70,1.21
cat_n35,no_reduce,OK,2393.67,188,89,3258,463.18
cat_n35,no_place,OK,23.3333,2,35,70,0.9
cat_n35,no_fui,OK,23.3333,2,35,70,1.12
cat_n35,no_schedpar,OK,23.3333,2,35,70,1.3
cat_n35,no_live,OK,23.3333,2,35,70,1.09
cat_n35,no_sched,OK,23.3333,2,35,70,1.13
cat_n35,no_parallel,OK,23.3333,2,35,70,0.99
ghz_n40,full,OK,26.6667,2,40,80,1.5
ghz_n40,no_reduce,OK,3368,247,111,4588,1063.38
ghz_n40,no_place,OK,26.6667,2,40,80,1.22
ghz_n40,no_fui,OK,26.6667,2,40,80,1.4
ghz_n40,no_schedpar,OK,26.6667,2,40,80,1.49
ghz_n40,no_live,OK,26.6667,2,40,80,1.43
ghz_n40,no_sched,OK,26.6667,2,40,80,1.34
ghz_n40,no_parallel,OK,26.6667,2,40,80,1.27
bv_64,full,OK,2849.33,181,113,7212,155.56
bv_64,no_reduce,OK,2849.33,181,113,7212,152.36
bv_64,no_place,OK,3274.67,181,138,7439,346.75
bv_64,no_fui,OK,3137.33,165,113,8037,215.32
bv_64,no_schedpar,OK,2966.67,165,109,7639,138.71
bv_64,no_live,OK,2854.67,150,113,7365,204.38
bv_64,no_sched,OK,2966.67,165,109,7639,166.74
bv_64,no_parallel,OK,2849.33,181,113,7212,143.37
dj_64,full,OK,3163.33,351,149,5554,370.15
dj_64,no_reduce,OK,3163.33,351,149,5554,362.02
dj_64,no_place,OK,3708.67,351,166,5884,524.96
dj_64,no_fui,OK,4935.67,320,149,9333,645.58
dj_64,no_schedpar,OK,4313,320,151,10305,540.02
dj_64,no_live,OK,4475.67,289,149,10876,704.1
dj_64,no_sched,OK,4313,320,151,10305,581.47
dj_64,no_parallel,OK,3163.33,351,149,5554,342.81
ghz_64,full,OK,42.6667,2,64,128,4.67
ghz_64,no_reduce,TIMEOUT,,,,,1200
ghz_64,no_place,OK,42.6667,2,64,128,3.93
ghz_64,no_fui,OK,42.6667,2,64,128,5.82
ghz_64,no_schedpar,OK,42.6667,2,64,128,4.02
ghz_64,no_live,OK,42.6667,2,64,128,4.73
ghz_64,no_sched,OK,42.6667,2,64,128,5.23
ghz_64,no_parallel,OK,42.6667,2,64,128,4.09
graphstate_64,full,OK,42.6667,2,64,128,4.58
graphstate_64,no_reduce,OK,42.6667,2,64,128,4.61
graphstate_64,no_place,OK,42.6667,2,64,128,4.48
graphstate_64,no_fui,OK,42.6667,2,64,128,4.77
graphstate_64,no_schedpar,OK,42.6667,2,64,128,3.99
graphstate_64,no_live,OK,42.6667,2,64,128,5.26
graphstate_64,no_sched,OK,42.6667,2,64,128,4.18
graphstate_64,no_parallel,OK,42.6667,2,64,128,4.55
cat_n65,full,OK,43.3333,2,65,130,4.9
cat_n65,no_reduce,TIMEOUT,,,,,1200
cat_n65,no_place,OK,43.3333,2,65,130,4.17
cat_n65,no_fui,OK,43.3333,2,65,130,5.0
cat_n65,no_schedpar,OK,43.3333,2,65,130,4.04
cat_n65,no_live,OK,43.3333,2,65,130,4.84
cat_n65,no_sched,OK,43.3333,2,65,130,4.33
cat_n65,no_parallel,OK,43.3333,2,65,130,4.55
bv_n70,full,OK,3425,203,127,9087,235.5
bv_n70,no_reduce,OK,3425,203,127,9087,234.61
bv_n70,no_place,OK,3775.67,203,154,9096,433.65
bv_n70,no_fui,OK,3802.67,185,127,10044,336.62
bv_n70,no_schedpar,OK,3588,185,119,9733,242.78
bv_n70,no_live,OK,3454.33,168,127,9222,315.78
bv_n70,no_sched,OK,3588,185,119,9733,261.45
bv_n70,no_parallel,OK,3425,203,127,9087,211.65
ghz_n78,full,OK,52,2,78,156,8.34
ghz_n78,no_reduce,TIMEOUT,,,,,1200
ghz_n78,no_place,OK,52,2,78,156,7.85
ghz_n78,no_fui,OK,52,2,78,156,7.73
ghz_n78,no_schedpar,OK,52,2,78,156,6.54
ghz_n78,no_live,OK,52,2,78,156,7.79
ghz_n78,no_sched,OK,52,2,78,156,8.19
ghz_n78,no_parallel,OK,52,2,78,156,7.52
ghz_n127,full,OK,84.6667,2,127,254,61.83
ghz_n127,no_reduce,TIMEOUT,,,,,1200
ghz_n127,no_place,OK,84.6667,2,127,254,61.22
ghz_n127,no_fui,OK,84.6667,2,127,254,63.76
ghz_n127,no_schedpar,OK,84.6667,2,127,254,54.75
ghz_n127,no_live,OK,84.6667,2,127,254,61.71
ghz_n127,no_sched,OK,84.6667,2,127,254,60.75
ghz_n127,no_parallel,OK,84.6667,2,127,254,61.96
cat_n130,full,OK,86.6667,2,130,260,64.07
cat_n130,no_reduce,TIMEOUT,,,,,1200
cat_n130,no_place,OK,86.6667,2,130,260,67.46
cat_n130,no_fui,OK,86.6667,2,130,260,69.24
cat_n130,no_schedpar,OK,86.6667,2,130,260,58.14
cat_n130,no_live,OK,86.6667,2,130,260,65.14
cat_n130,no_sched,OK,86.6667,2,130,260,65.06
cat_n130,no_parallel,OK,86.6667,2,130,260,63.92
ghz_state_n255,full,OK,170,2,255,510,499.14
ghz_state_n255,no_reduce,TIMEOUT,,,,,1200
ghz_state_n255,no_place,OK,170,2,255,510,484.46
ghz_state_n255,no_fui,OK,170,2,255,510,490.14
ghz_state_n255,no_schedpar,OK,170,2,255,510,414.48
ghz_state_n255,no_live,OK,170,2,255,510,479.25
ghz_state_n255,no_sched,OK,170,2,255,510,459.53
ghz_state_n255,no_parallel,OK,170,2,255,510,461.16
cat_n260,full,OK,173.333,2,260,520,516.22
cat_n260,no_reduce,TIMEOUT,,,,,1200
cat_n260,no_place,OK,173.333,2,260,520,497.89
cat_n260,no_fui,OK,173.333,2,260,520,506.86
cat_n260,no_schedpar,OK,173.333,2,260,520,429.99
cat_n260,no_live,OK,173.333,2,260,520,493.27
cat_n260,no_sched,OK,173.333,2,260,520,479.22
cat_n260,no_parallel,OK,173.333,2,260,520,472.48
